Relevance,Explanation
RELEVANT,"The generated answer accurately restates the key information from the original answer, providing the same essential percentage (more than 50%) and the time frame (approximately 15 years) in relation to Iron Mountain's retention of physical records."
RELEVANT,"The generated answer closely mirrors the original answer, including all key points about IBM's strengths. It expands on the original by adding additional strengths, which enhances rather than detracts from the relevance, making it highly aligned with the original content."
RELEVANT,"The generated answer effectively conveys the same information as the original answer, detailing the financial figures that illustrate the change in ETSY's net other income from 2022 to 2023. It mentions the increase of $16.4 million and the transition from a net other expense to net other income, aligning closely with the original answer's content."
RELEVANT,"The generated answer closely mirrors the original answer, capturing all the key points such as the imposition of restrictions, increased compliance costs, and penalties for non-compliance. It effectively maintains the context and elaborates on the impact of the Digital Services Act (DSA) on META's business operations in the short term."
RELEVANT,"The generated answer closely mirrors the original answer, indicating that it accurately reflects the financial data mentioned in Item 8 of the GIS document. Both answers convey the same fundamental information, thus establishing a strong relevance."
PARTLY_RELEVANT,"The generated answer acknowledges the lack of specific details on how exchange rates affected eBay's net revenues in 2022 but discusses the broader context of foreign exchange movements and their potential implications for international revenue. It does not directly address the $320 million impact mentioned in the original answer, so while it provides some relevant context, it fails to answer the specific question about 2022's net revenues."
RELEVANT,"The generated answer closely mirrors the original answer, providing the same methodology for assessing the fair value of in-place operating leases, specifically mentioning the use of a discounted cash flow model and the factors involved. The content is essentially the same, thus making it relevant."
RELEVANT,"The generated answer provides an exact match to the original answer, stating that the consolidated financial statements and accompanying notes for EBAY are found in Part IV, Item 15(a)(1) of the Annual Report on Form 10-K. This indicates high relevance and similarity."
RELEVANT,"The generated answer closely mirrors the original answer in both content and context, providing the same key details about the reduction in Peloton's supplier settlements and the reasons behind it. Both answers mention the termination of future inventory purchase commitments and the accrual of costs in the previous fiscal year, indicating high relevance."
RELEVANT,"The generated answer closely mirrors the original answer, providing the same key information about the number of regulated exchanges and clearing houses operated by Intercontinental Exchange as well as their geographical locations. The content and context are accurately preserved, making the generated answer relevant."
RELEVANT,"The generated answer accurately reflects the original answer by stating that the data protection for biosimilar products under the BPCIA lasts for 12 years, which directly addresses the original question and provides the same essential information."
RELEVANT,"The generated answer matches the original answer exactly, providing the same information regarding the recognition of revenue from on-premises software licenses. Therefore, it is highly relevant."
RELEVANT,"The generated answer directly mirrors the original answer, reiterating the same key information about Meta's confirmation of pay equity across genders globally as of July 2023. It maintains the context and content of the original response, making it fully relevant."
RELEVANT,"The generated answer closely mirrors the original answer, maintaining the key points about Delta Air Lines' profit from the SkyTeam alliance. It includes the concepts of enhanced service, connectivity, codesharing, loyalty program participation, and collaborative cargo and passenger services, thereby accurately reflecting the original message."
RELEVANT,"The generated answer closely aligns with the original answer, addressing the specific challenges faced by ENPH that led to the decrease in net revenues. It accurately highlights the decrease in shipments of IQ Batteries and the partial offset from the increase in ASP for microinverters due to a favorable product mix, mirroring the content and key details of the original answer."
NON_RELEVANT,"The generated answer does not address the specific strategies implemented by Lilly to drive revenue growth in 2023. Instead, it provides general information about increased revenue and some context about the company, which is unrelated to the question asked."
RELEVANT,"The generated answer provides the exact same information as the original answer, stating the carrying amount of investments without readily determinable fair values on ICE's financial statement. The phrasing is slightly different, but the core information remains identical, making it fully relevant."
RELEVANT,"The generated answer is identical in content and context to the original answer, providing the same precise location for the information about legal matters in Netflix's annual report."
RELEVANT,"The generated answer directly reflects the content and meaning of the original answer, presenting the same components of Nike's expected funding sources without any alteration or omission. Both answers convey the information clearly and accurately, making the generated answer highly relevant."
PARTLY_RELEVANT,"The generated answer acknowledges the lack of specific information regarding General Mills' net income but does not directly address or summarize the original answer, which simply states '39 pages.' While it indicates that the necessary details are not available, it does not convey the information about the length of the report that the original answer provides."
RELEVANT,"The generated answer accurately restates the original answer by specifying that the information required by ITEM 8 is found in Item 15(a) of Iron Mountain's Annual Report, directly addressing the question asked."
RELEVANT,"The generated answer provides the same information as the original answer, specifically the amount of undrawn revolving commitment and the date, using slightly different wording. Both answers convey the same essential facts, making the generated answer highly relevant."
RELEVANT,"The generated answer closely mirrors the original answer, effectively maintaining the same meaning and context regarding DaVita's competition in the U.S. dialysis market. It accurately describes the intense competition the company faces and the specific areas of competition, making it highly relevant."
PARTLY_RELEVANT,"The generated answer includes the key financial benefit that LLY received from the sale of product rights in 2023, specifically mentioning the cash proceeds of $1.60 billion, which aligns with the original answer. However, it also introduces additional details about overall revenue growth and other product sales, which while relevant, extend beyond the original question's focus on direct financial benefit from the sale itself."
NON_RELEVANT,"The generated answer does not address the question about General Motors' sustainability-linked targets and instead incorrectly references Ford's credit agreements. It does not provide any relevant information, making it non-relevant to the original context."
RELEVANT,"The generated answer contains all the key components of the original answer while directly referencing 'BRK-A,' which was specified in the question. It retains the same content and contextual relevance as the original answer."
RELEVANT,"The generated answer addresses the main point of the original answer, which is the effective date of the new accounting standard for equity securities. It maintains the core information while noting a lack of specific details on the impact on ABNB's reporting, thus providing a relevant and coherent response aligned with the original answer."
RELEVANT,The generated answer accurately reflects the original answer by stating that AZO paid an effective tax rate of 20.2% on its income for the specified year. Both answers convey the same information regarding the tax percentage.
RELEVANT,"The generated answer closely mirrors the original answer in both content and context. It lists the same strategies that Lululemon is using to create a seamless omnichannel experience, using slightly different wording but retaining the essential information and intent."
RELEVANT,"The generated answer contains all the key information present in the original answer, including the reduction of the revolving credit commitments and the removal of the covenant, while also restating the context and date of the updates, making it directly relevant."
RELEVANT,"The generated answer provides the same page range (44 through 121) as the original answer, specifically mentioning that this section includes the Financial Statements and Supplementary Data, which adds context to the information requested."
PARTLY_RELEVANT,"The generated answer acknowledges the total long-term debt of AbbVie as $59,245 million but fails to provide the specific information requested about the current portion of the long-term debt. While it addresses part of the context, it does not fully answer the original question."
RELEVANT,"The generated answer closely matches the original answer, listing the same financial benefits available to DLTR employees with minimal variation in wording. Both answers convey identical information regarding the benefits offered by the company."
RELEVANT,"The generated answer directly states the amount of commercial paper outstanding for Apple (AAPL) as of the specified date, which matches the original answer exactly in both content and context."
RELEVANT,"The generated answer accurately replicates the original answer, providing the same information (6.85% annually) in a complete sentence and addressing the original question directly."
RELEVANT,"The generated answer accurately conveys the same information as the original answer, stating that Japanese patent terms can be extended up to five years. The content is consistent and directly addresses the original question."
RELEVANT,"The generated answer captures the main idea of the original answer by stating that CAT expects to gain protection from variability in cash flows due to changes in benchmark interest rates through floating-to-fixed contracts. It aligns closely in both content and intent, effectively reiterating the original answer's essence."
RELEVANT,"The generated answer provides the same financial figure as the original answer, just expressed in a different format ($126.7 million instead of $126,686). This maintains relevance and accurately reflects the requested information."
RELEVANT,The generated answer includes the same specific fair value figure as the original answer and elaborates on its importance in terms of Microsoft's overall financial position. It effectively addresses the original question by providing both the value and its significance.
RELEVANT,"The generated answer provides the same information as the original answer, with additional context about the date. Both state that there are 36 million shares available for issuance under the Amended 2012 Plan for AVGO, maintaining the core information intact."
PARTLY_RELEVANT,"The generated answer acknowledges that 34% of BNSF Railway's freight revenue comes from consumer products, which aligns with part of the original answer. However, it also states that it cannot provide the complete breakdown by product category, which indicates that it is not fully fulfilling the original question's request for a comprehensive breakdown."
RELEVANT,"The generated answer accurately restates the original answer with the same figures and context, directly addressing the impact of using the FIFO method on CAT's inventory values for both years compared to LIFO."
NON_RELEVANT,"The generated answer does not address the original question regarding the capital needed for a PMA application process. Instead, it only mentions the lack of specified information, making it irrelevant to the query."
RELEVANT,"The generated answer provides the same specific financial information as the original answer, stating that the Financial Statement Schedule is found on page S-1 of IBM's Form 10-K for 2023. It maintains the context and content of the original answer while adding clarity with the phrase 'you can expect to see'."
RELEVANT,"The generated answer provides the same information as the original answer by stating that the valuation allowance for deferred tax assets for CMG increased by $7,625 from 2022 to 2023. It retains the key details and context, maintaining accuracy and clarity."
RELEVANT,The generated answer accurately reflects the information presented in the original answer by confirming the updated combined statutory tax rate for the Swiss canton of Schaffhausen as approximately 15% after the tax rate increase. It maintains the same context and details as the original response.
RELEVANT,"The generated answer effectively addresses the original question by specifically stating where to find the latest financial reports for Intuit Inc. on their website (the Investor Relations section) and reinforces the original answer by mentioning that the reports are made available after filing with the SEC. Both responses include the notion of timely availability of the reports, making the generated answer highly relevant."
RELEVANT,"The generated answer provides detailed information about the findings of Salesforce, Inc.'s internal control audit, including specific objectives and components of the audit. It accurately refers to the framework mentioned in the original answer and expands upon it with relevant context and details, thus effectively addressing the original question."
RELEVANT,"The generated answer closely mirrors the original answer in both content and context, accurately describing the FDIC's role and powers in the event of insolvency at JPMorgan Chase Bank, N.A. The phrasing differs slightly but maintains the same meaning and key details."
PARTLY_RELEVANT,"The generated answer acknowledges the increase in worldwide ARPU by 13% but does not provide the specific dollar amount increase requested in the original question. It reiterates part of the original answer, indicating some relevance, but ultimately fails to fully address the question."
RELEVANT,"The generated answer accurately reflects the content and context of the original answer, stating the same processes and conditions under which the Federal Reserve determines the SCB for American Express and other CCAR participating firms. The phrasing is slightly different, but the meaning remains intact."
RELEVANT,"The generated answer is identical to the original answer, providing the same information regarding the year-over-year change in selling, general and administrative expenses as a percentage of net revenue for LULU between 2022 and 2023."
RELEVANT,"The generated answer accurately captures the key points of the original answer, including the reference to the Canadian Environmental Protection Act and the expected alignment with new EPA standards for the 2027 model year. It maintains the context and specific regulations that Ford Motor Company must follow, making it highly relevant."
RELEVANT,"The generated answer directly addresses the original question by confirming that The Hershey Company has received recognition for its diversity and inclusion efforts. It includes the same key points as the original answer, specifically mentioning 1:1 pay equity and rankings by DiversityInc and Forbes, thus maintaining both the content and context."
RELEVANT,"The generated answer accurately summarizes the key points of the original answer, specifically mentioning the seat post recall and the members' decision to pause their subscriptions while waiting for replacements. The content and context align closely, confirming its relevance."
RELEVANT,"The generated answer directly restates the original answer with complete clarity and context, confirming that the expiration year of the patent families related to DARZALEX in the United States for JNJ is indeed 2029."
RELEVANT,"The generated answer is identical to the original answer, accurately reflecting Iron Mountain's forecasts for organic service revenue growth in 2024. There is no loss of meaning or context, making it completely relevant."
PARTLY_RELEVANT,"The generated answer provides the correct numerical value of net income ($1.60) but adds the unit 'million,' which slightly alters the original answer's intent. The original answer does not specify a unit, which may lead to differing interpretations of the value. Therefore, it is partly relevant as it conveys the core information but introduces potential confusion regarding the scale of the net income."
RELEVANT,"The generated answer closely mirrors the original answer in both content and context. It maintains the emphasis on UnitedHealth Group's role in improving health care delivery through technology and data analytics, and it accurately describes the components of the health care delivery and engagement platform, such as direct care and chronic care management."
RELEVANT,"The generated answer closely mirrors the content and context of the original answer, restating the potential consequences for Group Inc. if it fails to comply with the FRB's TLAC and related requirements. Both answers mention the imposition of restrictions by the FRB and the specific limitations on financial activities such as repurchasing shares and paying dividends, making the generated answer highly relevant."
RELEVANT,"The generated answer directly restates the relevant information from the original answer, including the correct value of $10.9 million, and clearly addresses the question about the annual maturities for the French Term Loans for GME in fiscal 2024."
RELEVANT,"The generated answer provides the exact same information as the original answer, including the final number of stores in the Family Dollar segment and the specific date. Therefore, it is fully relevant."
RELEVANT,"The generated answer correctly retains the same meaning as the original answer, stating that e-commerce sales comparable decreased by 5% in 2023 while clearly mentioning the exclusion of the impact from foreign currency and gasoline prices. Despite a slight rephrasing, the core information is accurately conveyed."
NON_RELEVANT,"The generated answer does not provide any information relevant to the original question, as it states the lack of information instead of answering the question about the total amount of U.S. federal pre-tax net operating loss carryforwards for Southwest Airlines."
NON_RELEVANT,"The generated answer does not address the original question regarding Amazon's effective tax rate and instead refers to Microsoft, which is unrelated to the inquiry about Amazon. Therefore, it fails to provide relevant information."
RELEVANT,"The generated answer directly addresses the original question by correctly identifying the section of Netflix's Annual Report on Form 10-K where legal proceedings information can be found, using the same reference as the original answer."
RELEVANT,"The generated answer closely mirrors the original answer, covering all key points regarding the sources of EFX's revenue increase and the factors offsetting it. Both answers provide the same specific details about the revenue contributions and the offsets, indicating a high level of relevance and similarity."
RELEVANT,"The generated answer accurately restates the original answer, providing the same percentage of annual net trade sales that the sales returns reserve for the total JNJ account, which is 'less than 1.0%'. It clearly addresses the original question without introducing new information, making it fully relevant."
RELEVANT,"The generated answer directly restates the content of the original answer, confirming that Item 8 of the financial report pertains to Financial Statements and Supplementary Data. Therefore, it accurately reflects the information requested in the original question."
RELEVANT,"The generated answer accurately states the total cash discounts provided by AbbVie in 2023, which is the primary focus of the original question. While it does not include the historical discount data from previous years, it is still fully relevant to the specific query about 2023."
RELEVANT,"The generated answer provides the same information as the original answer, clearly restating the percentage of gross profit margin for Hewlett Packard Enterprise in fiscal 2023 without any additional or altered content."
RELEVANT,"The generated answer closely mirrors the original answer, capturing all key points about the factors affecting Hershey's gross margin in 2023. Both answers mention favorable price realization and increased supply chain productivity as drivers of the margin increase, while also noting the offsets from commodity derivative instruments and labor costs. The slight variations in wording do not alter the meaning, making the generated answer fully relevant."
RELEVANT,"The generated answer accurately restates the specific financial information provided in the original answer regarding JPM's Note 30, which is the Firm’s material legal proceedings. Both answers convey the same essential information, making the generated answer relevant."
RELEVANT,"The generated answer correctly addresses how LLY meets the requirements of the FCPA by mentioning adherence to specific recordkeeping and internal controls, which aligns directly with the original answer. Both answers discuss the same core elements of the FCPA concerning publicly traded companies."
PARTLY_RELEVANT,"The generated answer acknowledges the lack of information regarding the reasoning for the share repurchases, which aligns with the original question. However, it does not provide any details or insight that would connect the response more closely to the specific question asked, thus it is not fully relevant despite addressing the information gap."
RELEVANT,"The generated answer accurately presents the percentage change in sales for LLY's Humalog from 2022 to 2023, specifying that it was a 19% increase, which directly corresponds to the original answer indicating a 19% change."
RELEVANT,"The generated answer closely mirrors the original answer in both content and context. It accurately describes the method Palantir uses to evaluate the probability of meeting performance criteria for RSUs by mentioning periodic assessments and the recognition of cumulative effects, maintaining the essential elements of the original response."
RELEVANT,"The generated answer directly provides the specific repayment amount of Senior Notes by AutoZone on the given date, which matches the original answer exactly."
RELEVANT,"The generated answer directly addresses the question by elaborating on the original answer regarding recordkeeping and support services. It also provides additional context about how these services may enhance Schwab's operational efficiency and mentions the service fee as a potential revenue stream, which is relevant to understanding the benefits of the agreement."
RELEVANT,The generated answer accurately conveys the same numerical value (1035) as the original answer while providing a context by mentioning it as an adjustment related to GM's financials due to the voluntary separation program in 2023.
RELEVANT,"The generated answer is identical to the original answer, providing the same information regarding Amazon's free cash flow less principal repayments of finance leases and financing obligations for 2023."
RELEVANT,"The generated answer closely mirrors the original answer in content and context, maintaining the key focus on EBIT as the primary financial measure used by NIKE to evaluate performance and overall financial health."
RELEVANT,"The generated answer closely mirrors the content of the original answer, expanding on the aspects of monitoring and risk mitigation. It addresses the same concepts of actively monitoring foreign currency fluctuations and mitigating financial performance impact, effectively conveying the purpose and function of eBay's hedging program."
RELEVANT,"The generated answer accurately directs the user to the cash flow statement by specifying that it can be found on page S-1 of IBM's Form 10-K, which aligns perfectly with the original answer."
RELEVANT,"The generated answer effectively restates the original answer, maintaining the same structure and content while adding the context of Schwab. It directly addresses the method used to determine the Common Equity Tier 1 Risk-Based Capital Ratio, making it fully relevant to the original answer."
RELEVANT,"The generated answer directly answers the original question with the same information provided in the original answer, confirming the expected increase in light crude oil throughput at Chevron's Pasadena Refinery by 125,000 barrels per day by 2024."
RELEVANT,"The generated answer accurately restates the original answer with the same key information regarding how Amazon values its inventories, maintaining the original meaning and specificity."
RELEVANT,"The generated answer closely matches the content and context of the original answer. Both answers describe the process of recording uncertain tax positions in financial statements, emphasizing the requirement of a more-likely-than-not probability before these benefits can be recorded. The language and structure differ slightly, but the core information remains consistent and accurate."
RELEVANT,"The generated answer accurately restates the key information from the original answer, including the operating profit figure for 2022 and the percentage increase compared to the previous year. This direct comparison makes it highly relevant."
RELEVANT,"The generated answer provides the same information as the original answer in a slightly expanded form, confirming the employee headcount for FedEx Services as of the specified date."
NON_RELEVANT,"The generated answer does not address the question or provide any relevant information regarding GM's capital allocation criteria. Instead, it states a lack of information, making it completely irrelevant to the original answer."
RELEVANT,"The generated answer accurately reflects the original answer by stating that CMG measures the fair value of their corporate debt securities using Level 3 inputs according to the fair value hierarchy, which maintains the same meaning and context."
RELEVANT,"The generated answer closely mirrors the original answer by discussing how Delta allocates revenue for their marketing agreements using estimated selling prices and discounted cash flow analysis. It additionally provides a specific example of the partnership with American Express, which adds detail without deviating from the main point of the original answer."
RELEVANT,"The generated answer closely mirrors the original answer in its focus on attracting diverse talent and includes additional relevant details about employee groups that support diversity initiatives at AT&T. Both answers convey the same core message about diversity in hiring practices, making the generated answer highly relevant."
RELEVANT,"The generated answer directly mirrors the original answer in content and context, providing the same information about how gift cards are reflected in Chipotle's financial reports. The inclusion of 'Chipotle's financial statements' does not change the meaning but adds specificity."
NON_RELEVANT,"The generated answer does not address the specific question about the dividend payout figure for Home Depot's shareholders in fiscal 2022. Instead, it provides an unrelated figure regarding the total amount returned to shareholders, which includes other forms of returns besides dividends."
RELEVANT,"The generated answer accurately reproduces the key information provided in the original answer, including the exact figure for net income per diluted common share and the relevant fiscal year. Both answers convey the same content in slightly different wording, making them highly relevant."
RELEVANT,"The generated answer is identical to the original answer, providing the same information regarding the increase in costs and the main driver behind it. Therefore, it is completely relevant."
RELEVANT,"The generated answer accurately reflects the key information from the original answer, specifically noting that Peloton's Adjusted EBITDA does not include cash capital expenditure requirements for replacements or new expenditures. The phrasing is slightly altered, but the core meaning remains intact."
NON_RELEVANT,"The generated answer states that it cannot provide information on how Starbucks handles tax obligations, which is completely unresponsive to the original question about the specific handling of tax obligations related to overseas profits. It does not offer any relevant content or insight into the original answer."
RELEVANT,"The generated answer closely mirrors the original answer, providing the same key elements regarding the methods Enphase Energy, Inc. uses to protect its intellectual property, including patents, trademarks, copyright, trade secrets, and confidentiality agreements. The slight variation in phrasing does not change the overall meaning or relevance."
RELEVANT,"The generated answer accurately reflects the main point of the original answer regarding the annual decrease in AMPTC for microinverters by 25% each year starting from 2030 through 2032. Additionally, it elaborates on the potential implications of this decrease for financial growth, thereby providing a relevant context for the original question about financial growth."
RELEVANT,"The generated answer directly provides the same information as the original answer, stating the gross margin percentage for Electronic Arts as 75.9 percent, which is exactly what was requested in the original question."
RELEVANT,"The generated answer closely mirrors the original answer, maintaining the same structure and key details regarding how Electronic Arts recognizes revenue. Both answers explain the allocation of sales prices, list the distinct performance obligations, and describe the timing and percentages of revenue recognition. The only differences are minor phrasing changes, which do not alter the overall meaning or relevance of the response."
RELEVANT,"The generated answer accurately identifies the location of gains and losses on pension and postretirement plan assets and obligations as being in the consolidated statements of income under Other income (expense) - net, which is the same information as provided in the original answer."
RELEVANT,"The generated answer closely mirrors the original answer by reiterating the key points about operational discipline, the focus on higher margin collectibles and pre-owned products, and the optimization of the workforce for maintaining a sustainable cost structure. The phrasing is slightly different, but the content and context remain intact, making it highly relevant."
RELEVANT,"The generated answer provides the same numerical values for assets and liabilities as the original answer, with additional context regarding their association with derivatives designated as hedging instruments. It accurately reflects the information requested in the original question."
RELEVANT,"The generated answer retains the essential information from the original answer, stating that 73% of CVS's total revenues from the federal government in 2023 is attributed to contracts with CMS for Medicare-eligible individuals. It directly answers the original question with the same percentage, thus maintaining relevance and similarity."
RELEVANT,"The generated answer closely mirrors the original answer's key points regarding the negative impact of open-source software on ICE's ability to commercialize its products, highlighting potential litigation and unanticipated conditions or restrictions. The meaning and context remain intact, making it highly relevant."
RELEVANT,"The generated answer closely mirrors the original answer in both content and phrasing, accurately capturing the method Peloton uses to calculate the fair values of intangible assets during business combinations. The information is directly aligned and provides the same key details."
RELEVANT,"The generated answer closely mirrors the content and context of the original answer, detailing the same measures that EA has implemented to safeguard its intellectual property. Both answers list similar elements of IP protection, indicating a direct relevance to the original question."
RELEVANT,"The generated answer directly addresses the original question by providing the same amount of authorized common shares (108 million) and specifies the context of stock incentive plans as of December 31, 2023. It maintains the essential information and enhances clarity, thus making it relevant."
RELEVANT,"The generated answer accurately addresses the impact of off-balance sheet arrangements on Goldman Sachs's financial reporting by discussing risk management and the influence on financial metrics. It effectively relates to the original answer's focus on the purposes of these arrangements, such as investments and the notion of maintaining a favorable appearance in financial statements, thus showing a strong relevance to the original content."
RELEVANT,"The generated answer closely mirrors the original answer by providing the same essential information regarding potential legal repercussions—specifically mentioning civil monetary penalties. It retains the core message and context while slightly paraphrasing the content, making it relevant to the original answer."
RELEVANT,"The generated answer accurately explains how Broadcom applies Level 1 inputs in fair value measurement by mentioning quoted prices in active markets for identical assets or liabilities. It further strengthens the relevance by providing a specific example of Broadcom's financial reporting, which aligns closely with the original question and answer."
RELEVANT,"The generated answer closely mirrors the original answer by providing the same key information about the remedial measures Tesla has taken, including training, audits, and waste management program enhancements. It accurately reflects the content and context of the original answer, indicating a high degree of relevance."
RELEVANT,"The generated answer is almost identical to the original answer, accurately capturing the criteria that Schwab's banking subsidiaries must meet to access secured credit facilities. The only difference is the slight rephrasing of the sentence, but the core information remains unchanged."
RELEVANT,"The generated answer closely mirrors the original answer, providing accurate information about how Starbucks recognizes interest and penalties related to income tax matters in their financial statements, maintaining the same context and details."
RELEVANT,"The generated answer closely mirrors the original answer, retaining the same structure and content while only making minor changes in phrasing ('they' instead of 'Airbnb, Inc.'). This indicates a strong correspondence in meaning and context, making the generated answer entirely relevant to the original."
RELEVANT,"The generated answer closely mirrors the original answer in both content and context. It mentions Amazon's view of free shipping as an effective marketing tool and states the intention to offer it indefinitely to attract and retain customers, which aligns perfectly with the original answer."
PARTLY_RELEVANT,"The generated answer covers most of the key details mentioned in the original answer, such as the interest rate, commitment fee, and financial covenants. However, it introduces additional information about restrictions on additional indebtedness, which was not present in the original answer. While this extra detail does not diminish the overall relevance, it slightly alters the focus, making the answer more than just a reflection of the original."
RELEVANT,"The generated answer directly addresses the original question by stating that the stronger U.S. dollar had a negative impact on Home Depot's net sales, specifically quantifying that impact as $339 million during fiscal 2022. This aligns closely with the original answer and effectively conveys the same information in a more detailed context."
RELEVANT,The generated answer accurately confirms that Netflix includes its consolidated financial statements in the main document of its Annual Report on Form 10-K and specifies their location. It aligns closely with the original answer in both content and context.
NON_RELEVANT,"The generated answer does not address Berkshire Hathaway's local inventory management practices at all. Instead, it focuses solely on IMC's practices, which are irrelevant to the original question about Berkshire Hathaway (BRK-A). Therefore, the relevance is classified as non-relevant."
RELEVANT,"The generated answer provides the same information as the original answer, indicating that the cost of revenue increased by $2 million due to stock-based compensation expense for EA from 2021 to 2023. It maintains the same context and meaning."
RELEVANT,"The generated answer closely mirrors the original answer by accurately identifying the specific income streams (base minimum rents, overage rents, and reimbursements for CAM) that the Shoppes at Venetian depends on. The information is effectively conveyed with similar phrasing and context, indicating a high level of relevance and similarity."
RELEVANT,"The generated answer provides the same information as the original answer, restating the carrying value of the French Term Loans for GameStop on the specified date accurately."
PARTLY_RELEVANT,"The generated answer acknowledges the importance of internal controls in financial reporting and provides general information about the purpose of such measures. However, it does not address specific measures that HSY takes to prevent and detect financial fraud, which is the main focus of the original question. Thus, while it provides some relevant context, it does not fully answer the original question."
RELEVANT,"The generated answer matches the original answer verbatim, providing the same information regarding the amortization of META's finance lease assets. Therefore, it is fully relevant."
PARTLY_RELEVANT,"The generated answer acknowledges the lack of specific information from the Hershey Company regarding the historical performance of plan assets, which is aligned with the question. However, it then provides relevant details about evaluating the expected long-term rate of return on plan assets, similar to the original answer. Despite the initial acknowledgment, it does not fully address the direct request for historical performance information, thus making it only partly relevant."
RELEVANT,"The generated answer repeats the key points and details from the original answer without adding or omitting significant information. It accurately reflects the reasons for the lack of growth in JNJ's investment in Research and Development relative to sales, making it highly relevant."
RELEVANT,"The generated answer accurately restates the original answer, providing the same specific amount of cash and cash equivalents for Broadcom Inc. on the specified date. It retains the essential information and context, making it a highly relevant response."
PARTLY_RELEVANT,"The generated answer discusses the overall research and development expenses of JNJ and provides specific statistics, which somewhat relates to the context of the original answer about bermekimab's termination. However, it does not directly address how the termination affected those expenses, which is the key focus of the original answer. Thus, while there are relevant components, the response lacks a direct linkage to the impact of bermekimab's termination."
RELEVANT,"The generated answer accurately reflects the key points from the original answer, including the increase in overhead costs as a percentage of net sales, the causes of this increase (wage inflation and other cost increases), and the mitigating factors (positive scale impacts and productivity savings). The phrasing is slightly different, but the information and context remain consistent and aligned."
RELEVANT,"The generated answer is identical to the original answer, accurately capturing the adjustments ENPH made to their work policies in response to the COVID-19 pandemic."
RELEVANT,"The generated answer closely mirrors the key points of the original answer, detailing the changes introduced by the Fourth Amendment, including the minimum liquidity requirement and restrictions on dividends and distributions. It also explains the intended impact on the company's financial position, aligning well with the original context."
PARTLY_RELEVANT,"The generated answer provides more detailed information about the location of the notes to the Financial Statements for Company F, indicating it begins on page 105. However, it does not directly address the question's request for a specific section of the report but rather gives a more specific location, making it somewhat relevant but not fully aligned with the original answer."
RELEVANT,"The generated answer accurately restates the original answer, providing the same information regarding the projected future lease payments for Google as of the end of 2023."
RELEVANT,"The generated answer closely mirrors the content of the original answer, using similar phrasing and conveying the same key points regarding the factors causing the increase in technology and infrastructure expenditures for AMZN in 2023. Both answers emphasize increased spending on infrastructure and payroll costs associated with expanding products and services."
RELEVANT,"The generated answer closely mirrors the original answer, mentioning the same key assumptions (long-term rate of return on plan assets and discount rates) and their impact on pension expense and benefit obligations for Hershey Company. Additionally, it provides a specific example that enhances the understanding of the impact, thereby maintaining the relevance and context of the original answer."
RELEVANT,"The generated answer closely mirrors the original answer in content and context, providing the same definition and explanation of how META amortizes its finance lease assets on a straight-line basis."
PARTLY_RELEVANT,"The generated answer acknowledges the contribution to net operating revenues and mentions that the geographic mix is part of a combined contribution, but it does not directly address the specific question about the geographic mix factor's contribution itself, instead suggesting that it cannot provide the exact figure."
NON_RELEVANT,"The generated answer does not address the question about Microsoft's financial performance at all. Instead, it discusses running Windows 365, which is unrelated to the financial metrics or performance of Microsoft, making it completely irrelevant to the original question."
RELEVANT,"The generated answer closely mirrors the original answer in content and context. It mentions the same types of derivatives (futures and forwards, swaps, options) and accurately describes their categorization in financial reports based on trading methods. The phrasing is slightly different, but the meaning and information conveyed are effectively the same."
RELEVANT,The generated answer accurately mirrors the main content of the original answer by correctly stating the net change in cash from financing activities and providing the specific values for both years. It conveys the same information clearly and is contextually aligned with the original answer.
RELEVANT,"The generated answer accurately restates the original answer, confirming that GIS provides specific information under Item 8 and specifying that it pertains to Financial Statements and Supplementary Data. The content is aligned and provides additional clarity without changing the meaning."
RELEVANT,"The generated answer specifies the exact section (Part IV, Item 15(a)(1)) where the consolidated financial statements and accompanying notes can be found in eBay's Annual Report on Form 10-K. This provides more detail than the original answer while still addressing the original question accurately."
RELEVANT,"The generated answer directly restates the original answer, providing the same information in a complete sentence. It accurately reflects the total revenue for Walmart in fiscal 2023."
RELEVANT,"The generated answer closely mirrors the original answer by stating the same market position of Hershey as described in the 2023 Form 10-K. It accurately reflects key details about Hershey's standing in the chocolate and snack industry, maintaining the same meaning and context as the original."
RELEVANT,"The generated answer effectively captures the key points from the original answer, including the focus on niche opportunities, leveraging patents, and creating system-on-chip components. Additionally, it provides extra relevant information about the increase in research and development expenses and a deferred tax asset, which further enriches the context of AVGO's investment in R&D without deviating from the primary focus."
PARTLY_RELEVANT,"The generated answer includes the original value of $6.7 billion but incorrectly states that it represents an increase. The original answer simply provides the amount without specifying if it is an increase or decrease, which affects the accuracy of the generated answer."
RELEVANT,"The generated answer correctly states the term length of Kroger's revolving credit facility as July 6, 2026, and mentions the possibility of extension, which directly addresses both parts of the original question."
RELEVANT,"The generated answer accurately reflects the changes in CAT's cash and cash equivalents from 2022 to 2023, providing both the amounts for each year and the indication of the increase. This aligns closely with the original answer."
RELEVANT,"The generated answer closely mirrors the content and structure of the original answer, effectively conveying the same information about Walmart's methods for safeguarding its intellectual property assets, including registrations and patent applications."
PARTLY_RELEVANT,"The generated answer includes the key financial figures regarding eBay's investment activities, matching some aspects of the original answer. However, it introduces additional information about a voluntary tender offer for Adevinta that was not mentioned in the original answer, which diverges from the specific focus on eBay's investing activities for fiscal year 2023. Thus, while it maintains some relevance, the additional details shift it slightly away from the original context."
RELEVANT,"The generated answer is nearly identical to the original answer, providing the same averages for balance and interest expense while maintaining all relevant details. It effectively addresses the original question without adding or omitting critical information."
RELEVANT,"The generated answer directly repeats the original answer with no alteration, providing the same method used by Broadcom Inc. to assess their internal control over financial reporting. It includes the specific framework and the issuing organization, making it fully relevant to the original question."
RELEVANT,"The generated answer closely mirrors the original answer, maintaining the same content and context while using slightly different wording. It accurately conveys the implications of failing to comply with financial covenants, including events of default and potential consequences for the company, which aligns with the original answer's intent and information."
NON_RELEVANT,"The generated answer provides a different figure for net income than the original answer, specifically stating $22,381 million instead of the original $15,943 million. This discrepancy means the information is not relevant to the original query."
RELEVANT,"The generated answer directly addresses the original question by confirming the changes in fair value of ETSY corporate bonds and providing the exact figure from the original answer, making it fully relevant."
RELEVANT,"The generated answer closely aligns with the original answer by discussing the impact of financial estimates on Walmart's income tax provision and reporting. It includes key elements such as the assessment of unrecognized tax benefits, valuation allowances, and interpreting complex tax laws. Additionally, it provides specific context regarding the effect of financial estimates on the effective income tax rate and fiscal details, which enhances the understanding of the topic."
RELEVANT,"The generated answer accurately conveys the key factors leading to the increase in net cash used in financing activities for Netflix from 2022 to 2023. It includes specific figures and details regarding the repurchases of common stock and the absence of debt maturities, mirroring the information presented in the original answer."
RELEVANT,"The generated answer accurately replicates the information provided in the original answer, stating the same percentages for OG&A expenses in both 2022 and 2021. The wording is slightly different, but the essential information remains unchanged and directly answers the original question."
PARTLY_RELEVANT,The generated answer acknowledges the lack of specific frequency information regarding Peloton's claims and legal actions but notes that there is some context lacking in the provided information. It indirectly references the occurrence of claims as mentioned in the original answer but fails to connect directly to the frequency aspect addressed in the question.
NON_RELEVANT,"The generated answer does not address the original question about the percentage of AMC's revenue from ticket sales versus concessions, nor does it relate to the original answer, which incorrectly states 'The 1960s.' Instead, it simply indicates a lack of available information without any relevant detail."
RELEVANT,"The generated answer is identical to the original answer, providing the same details about Carin L. Fike's position at Kroger prior to becoming Vice President and Treasurer. Therefore, it directly addresses the question with complete accuracy."
PARTLY_RELEVANT,"The generated answer acknowledges the original question about JPMorgan Chase's preparation for the expiration of the transitional arrangements for Basel III but ultimately does not address how the bank is preparing. Instead, it focuses on the applicable dates, which are mentioned in the original answer. Therefore, it contains relevant information, but it lacks the direct response to the original question."
RELEVANT,"The generated answer is identical to the original answer, providing the same information regarding the primary business activities of the ALLDATA segment within AutoZone."
RELEVANT,"The generated answer accurately reflects the information from the original answer regarding the decrease in stock-based compensation expenses by $88.9 million, or 16%. Additionally, it expands on the implications of this decrease on PLTR's financial position and operational performance, providing context that aligns with the original question."
PARTLY_RELEVANT,"The generated answer accurately captures the main points of the original answer regarding the factors driving fulfillment cost increases in 2023. However, it does not provide a direct comparison to previous years, which is a key aspect of the original question. While it offers useful context, it lacks specificity in addressing the comparison clearly."
RELEVANT,"The generated answer closely matches the original answer in both content and context, providing the same information about how lower gasoline prices negatively impacted Costco's net sales by the same monetary amount in 2023."
RELEVANT,"The generated answer accurately repeats the original answer with the same information. It includes the total unrecognized compensation cost and specifies the date, matching the original context and content perfectly."
RELEVANT,"The generated answer is a direct paraphrase of the original answer, providing the same information about Ford's adjusted EBIT estimate for 2024 within the same range of $10 billion to $12 billion."
RELEVANT,"The generated answer closely matches the original answer in both content and context. It accurately captures the main points regarding the capitalization of external direct costs and the payroll costs, while maintaining the same meaning and specificity as the original response."
PARTLY_RELEVANT,"The generated answer mentions the net earnings for 2023 and gives a comparison to the previous year's earnings, which is related to the net income request in the original question. However, it does not provide the current revenue or a specific value for net income, leaving part of the inquiry unaddressed."
RELEVANT,"The generated answer provides the exact same information as the original answer, simply rephrasing it without any loss of content. It directly answers the question regarding the earliest redemption date of the 7% Notes due 2029 issued by Iron Mountain Incorporated."
RELEVANT,"The generated answer accurately identifies the significance of Item 8 in General Mills Inc.'s financial document, explicitly linking it to Financial Statements and Supplementary Data and explaining its importance in evaluating the company's financial performance and position. This directly aligns with the original answer, thus making it relevant."
RELEVANT,"The generated answer closely mirrors the original answer in content and context. It not only repeats the core idea that EA recognizes revenue as the service is provided but also expands on it slightly by mentioning that this is considered one distinct performance obligation. Thus, it maintains relevance and adds useful detail."
RELEVANT,"The generated answer closely mirrors the original answer, providing the same key information about Gilead Sciences' financial performance in 2023 compared to 2022, including the percentage decrease in total revenues, specific revenue figures, and reasons for the changes. The details and context are effectively preserved, making it a relevant response."
RELEVANT,"The generated answer effectively captures the major factors mentioned in the original answer that impact Chubb's asbestos liabilities, including the legal environment, precedents from settlements, and trends in claim severity and frequency. It mirrors the original answer's emphasis on these significant elements, indicating a high level of relevance."
RELEVANT,"The generated answer accurately addresses the impact of excluding employer payroll taxes related to stock-based compensation on PLTR's financial measures, explaining that it provides a clearer view of operational performance and highlights the unpredictability of these taxes. This aligns well with the original answer's emphasis on predictability and control."
PARTLY_RELEVANT,"The generated answer acknowledges the 35% increase in research and development expense, which aligns with the original answer. However, it does not directly address the impact of that increase on Enphase Energy's financial performance, highlighting the need for more information. This makes it partially relevant as it touches on a related point but fails to answer the original question effectively."
RELEVANT,"The generated answer is identical to the original answer, providing the exact same information regarding the breakdown of monetary settlements and judgments between Mastercard and Visa as per their omnibus agreement."
RELEVANT,"The generated answer accurately reflects the figures and trends mentioned in the original answer regarding the valuation of equity warrants for Amazon from 2021 to 2023. It provides the same gains and losses while also adding context about market conditions and the company's financial performance, which enhances the understanding of the original answer without deviating from its core information."
RELEVANT,"The generated answer directly addresses the question by stating the increase in production capacity from 7,000 to 22,000 barrels per day, which is crucial information derived from the original answer. Additionally, it elaborates on how this increased capacity could positively impact Chevron's financial performance and market position, aligning well with the overall inquiry about the implications of the new capacity on the company's financial health and competitiveness."
RELEVANT,"The generated answer accurately restates the key points from the original answer, including the specific components of the Skills for Jobs initiative and the source of data insights, maintaining the same details and context."
RELEVANT,"The generated answer provides the same information as the original answer, including the total consolidated adjusted operating incomes for CVS for the years ended December 31, 2023, and 2022, with the figures accurately presented and formatted. The wording and structure differ slightly, but the content remains completely aligned and informative."
PARTLY_RELEVANT,"The generated answer acknowledges the negative impact of COVID-19 on customer sales in China and mentions the possibility of continuing effects, which aligns with the original answer. However, it fails to address any specific measures taken by NVDA to mitigate these impacts, which was the focus of the original question."
RELEVANT,"The generated answer accurately reflects the information provided in the original answer, restating the percentage of DaVita's U.S. dialysis patients enrolled in government-based healthcare programs in 2023. Both answers communicate the same key fact without any loss of meaning or relevant detail."
RELEVANT,The generated answer directly corresponds to the original answer by reiterating the same key information—that the Workforce Solutions segment contributed 44% to Equifax's total operating revenue for 2023. The content is consistent and accurately reflects the original answer.
PARTLY_RELEVANT,"The generated answer includes the key reasons outlined in the original answer accurately, but it also adds additional information about strikes and production delays which were not mentioned in the original answer. While the core information aligns with the original, the extra details shift the focus somewhat from the primary reasons for the impairment as specified in the original response."
PARTLY_RELEVANT,"The generated answer indicates a significant decrease in Iron Mountain's net income in 2023 compared to 2022, which aligns with the concept presented in the original answer. However, it does not provide specific figures for net income in either year, making it less informative than the original answer."
RELEVANT,"The generated answer closely mirrors the original answer in terms of core content and context. It reiterates Visa's use of its network of networks strategy to facilitate money movement and maintain a competitive edge. Additionally, it expands on the original answer by providing more detail about Visa's global reach, which further supports its relevance."
PARTLY_RELEVANT,"The generated answer provides some relevant information about the increase in Free Cash Flow for ABNB, such as specific figures and the increase in Free Cash Flow Margin. However, it fails to detail the main drivers behind the rise in Free Cash Flow, which were outlined in the original answer. Therefore, while it contains related content, it lacks critical specifics directly addressing the question."
RELEVANT,"The generated answer effectively addresses the impact of Total Remaining Deal Value on PLTR's financial health by explaining its importance in forecasting potential revenue and indicating growth. It includes the context of an increase in deal value and factors affecting its reliability, aligning well with the original answer's definition and implications."
RELEVANT,"The generated answer directly mirrors the original answer in content and context, accurately restating the specific self-insurance risks that AZO takes on without any discrepancies."
RELEVANT,The generated answer closely mirrors the original answer by explicitly stating the profit-sharing arrangement and specifying that profits and losses are shared equally between AbbVie and Janssen for product commercialization in the United States. It accurately reflects the same information and context.
RELEVANT,"The generated answer matches the original answer exactly, providing the same information regarding the effective tax rate for fiscal 2023 for Starbucks (SBUX)."
RELEVANT,"The generated answer directly restates the original answer with slight rephrasing, maintaining the key information about the percentage of sales attributable to products introduced in the last five years. The content is consistent with the original answer, thus making it fully relevant."
RELEVANT,"The generated answer directly addresses the original question by stating that Etsy is expected to comply with the proposed minimum tax rate of 15%, which aligns with the information in the original answer about the OECD's Pillar Two project and its implementation timeline. Both answers contain the same key information and context, making the generated response relevant."
RELEVANT,"The generated answer effectively expands on the original answer by not only listing the applications of GPU-powered deep learning but also explaining how these applications contribute to NVIDIA's financial performance. It highlights specific products and market segments, providing a direct link to overall financial impact, which aligns well with the original question."
RELEVANT,"The generated answer closely matches the original answer by listing all the same criteria HP uses to evaluate inventory valuation adjustments. The wording is slightly different, but the key information and meaning are preserved, making it highly relevant."
RELEVANT,"The generated answer closely mirrors the original answer, highlighting the key benefits of Humana's POS plans, including the flexibility to choose providers within and outside the network at the time of service, and the combination of HMO and PPO advantages. Both answers convey the same essential information."
RELEVANT,"The generated answer is identical to the original answer, providing the same information about how lease expenses for operating leases are recognized, specifically that they are recognized on a straight-line basis over the lease term."
RELEVANT,"The generated answer accurately restates the original answer, providing the same target investment amount of $75.0 million for Lululemon's initiatives related to promoting well-being by the end of 2025. It directly addresses the original question without adding or omitting crucial information."
RELEVANT,"The generated answer provides a clear affirmation of the existing federal regulations limiting commercial content during children's programming, which directly addresses the original question about changes that CMCSA needs to consider. It acknowledges the lack of recent changes while restating the key regulation mentioned in the original answer, maintaining overall relevance and accuracy."
RELEVANT,"The generated answer accurately restates the original answer, capturing all key points about the company's investment plans as revealed in the latest financial report of EFX. There is a direct correspondence between the original and generated answers, making them highly relevant."
RELEVANT,"The generated answer accurately restates the key information found in the original answer, maintaining the same geographical focus and context regarding the General Re Group's life and health reinsurance business for net premiums written in 2023. Both answers provide identical core content."
RELEVANT,"The generated answer directly states the amount of unrealized losses on U.S. Treasury securities for Visa Inc. as $134 million, which is identical to the original answer. It provides additional context by reiterating the time reference 'as of the last reporting date', making it fully relevant."
PARTLY_RELEVANT,"The generated answer correctly references the legal decision made by the Irish Data Protection Committee (IDPC) and the compliance issue related to Standard Contractual Clauses (SCCs), which are essential components of the original answer. However, it fails to provide information on the specific measures taken by Meta Platforms Ireland in response to the legal decision, which limits its overall relevance to the original question."
